Titlu,Vizualizari,Data publicarii,Sursa,Referinte,Rezumat,
Alertă falsă cu bombă la o instituție de plasament: Autorul este căutat,722,ieri,https://stiri.md/article/social/alerta-falsa-cu-bomba-la-o-institutie-de-plasament-autorul-apelului-este-cautat,,,,
"Proba interviului în concursul pentru șefia PCCOCS, amânată",661,ieri,https://stiri.md/article/social/proba-interviului-in-concursul-pentru-sefia-pccocs-amanata,,,,
Lituania a confiscat provizii militare destinate Rusiei din Kaliningrad,1603,ieri,https://stiri.md/article/international/lituania-a-confiscat-provizii-militare-destinate-rusiei-din-kaliningrad,,,,
Pentru o Moldovă Normală: Ce promite Ulianovschi dacă devine președinte,609,ieri,https://stiri.md/article/politica/programul-pentru-o-moldova-normala-ce-promite-ulianovschi-daca-devine-presedinte,,,,
Experți: Pământul arată un viitor sumbru pentru umanitate,1196,ieri,https://stiri.md/article/social/experti-pamantul-arata-un-viitor-sumbru-pentru-umanitate,,,,
"Reparația drumului: Traficul în unele zone din Capitală, suspendat",429,ieri,https://stiri.md/article/social/reparatia-drumului-traficul-in-unele-zone-din-capitala-suspendat,,,,
Rusia menține legătura cu SUA și NATO ca să prevină conflictele nucleare,938,ieri,https://stiri.md/article/international/rusia-mentine-legatura-cu-sua-si-nato-ca-sa-previna-conflictele-nucleare,,,,
Un activist cere o anchetă în legătură cu atentatul asupra lui Gorbunțov,826,ieri,https://stiri.md/article/social/un-activist-cere-o-ancheta-in-legatura-cu-atentatul-asupra-lui-gorbuntov,,,,
Cine sunt principalii cumpărători ai motorinei rusești după embargoul UE,980,ieri,https://stiri.md/article/international/cine-sunt-principalii-cumparatori-ai-motorinei-rusesti-dupa-embargoul-ue,,,,
Moldovenii vor salarii europene și legi stricte ca în UE,1408,2 ore în urmă,https://stiri.md/article/social/moldovenii-vor-salarii-europene-si-legi-stricte-ca-in-ue,"https://sales.simpals.com/ro/bannere-publicitare?utm_source=stiri&utm_medium=organic&utm_campaign=plasare_banner, https://play.google.com/store/apps/details?id=md.simpals.stiri, https://apps.apple.com/md/app/stiri-md-%C8%99tiri-din-moldova/id1491333889, https://www.facebook.com/stirimd/, https://t.me/stirimd",,,
"Adrian Albu: Dacă Sandu se teme de bandiți, nu trebuie să fie președinte",1912,2 ore în urmă,https://stiri.md/article/politica/adrian-albu-daca-sandu-se-teme-de-banditi-nu-trebuie-sa-fie-presedinte,"https://sales.simpals.com/ro/bannere-publicitare?utm_source=stiri&utm_medium=organic&utm_campaign=plasare_banner, https://play.google.com/store/apps/details?id=md.simpals.stiri, https://apps.apple.com/md/app/stiri-md-%C8%99tiri-din-moldova/id1491333889, https://www.facebook.com/stirimd/, https://t.me/stirimd",,,
Ambasador: Produsele din R. Moldova își găsesc deja locul pe piața UE,618,2 ore în urmă,https://stiri.md/article/politica/ambasador-produsele-din-r-moldova-isi-gasesc-deja-locul-pe-piata-ue,"https://sales.simpals.com/ro/bannere-publicitare?utm_source=stiri&utm_medium=organic&utm_campaign=plasare_banner, https://play.google.com/store/apps/details?id=md.simpals.stiri, https://apps.apple.com/md/app/stiri-md-%C8%99tiri-din-moldova/id1491333889, https://www.facebook.com/stirimd/, https://t.me/stirimd",,,
Zelenski s-a întâlnit cu premierul britanic: Prima oprire din turneu,684,3 ore în urmă,https://stiri.md/article/international/zelenski-s-a-intalnit-cu-premierul-britanic-la-londra-prima-oprire-din-turneu,"https://sales.simpals.com/ro/bannere-publicitare?utm_source=stiri&utm_medium=organic&utm_campaign=plasare_banner, https://play.google.com/store/apps/details?id=md.simpals.stiri, https://apps.apple.com/md/app/stiri-md-%C8%99tiri-din-moldova/id1491333889, https://www.facebook.com/stirimd/, https://t.me/stirimd",,,
Moldova se confruntă cu o criză a donatorilor de organe: Ce spun medicii,563,3 ore în urmă,https://stiri.md/article/social/r-moldova-se-confrunta-cu-o-criza-a-donatorilor-de-organe-ce-spun-medicii,"https://sales.simpals.com/ro/bannere-publicitare?utm_source=stiri&utm_medium=organic&utm_campaign=plasare_banner, https://play.google.com/store/apps/details?id=md.simpals.stiri, https://apps.apple.com/md/app/stiri-md-%C8%99tiri-din-moldova/id1491333889, https://www.facebook.com/stirimd/, https://t.me/stirimd",,,
"Peste 300 de plante de cânepă, descoperite într-o gospodărie din Comrat",533,3 ore în urmă,https://stiri.md/article/social/peste-300-de-plante-de-canepa-descoperite-intr-o-gospodarie-din-comrat,"https://sales.simpals.com/ro/bannere-publicitare?utm_source=stiri&utm_medium=organic&utm_campaign=plasare_banner, https://play.google.com/store/apps/details?id=md.simpals.stiri, https://apps.apple.com/md/app/stiri-md-%C8%99tiri-din-moldova/id1491333889, https://www.facebook.com/stirimd/, https://t.me/stirimd",,,
SUA și PNUD susțin digitalizarea sistemului penitenciar din R. Moldova,311,3 ore în urmă,https://stiri.md/article/social/sua-si-pnud-sustin-digitalizarea-sistemului-penitenciar-din-r-moldova,"https://sales.simpals.com/ro/bannere-publicitare?utm_source=stiri&utm_medium=organic&utm_campaign=plasare_banner, https://play.google.com/store/apps/details?id=md.simpals.stiri, https://apps.apple.com/md/app/stiri-md-%C8%99tiri-din-moldova/id1491333889, https://www.facebook.com/stirimd/, https://t.me/stirimd",,,
Un șofer a ascuns un lot comercial de mărfuri și acum riscă sancțiuni,533,3 ore în urmă,https://stiri.md/article/social/un-sofer-a-ascuns-un-lot-comercial-de-marfuri-si-acum-risca-sanctiuni,"https://sales.simpals.com/ro/bannere-publicitare?utm_source=stiri&utm_medium=organic&utm_campaign=plasare_banner, https://play.google.com/store/apps/details?id=md.simpals.stiri, https://apps.apple.com/md/app/stiri-md-%C8%99tiri-din-moldova/id1491333889, https://www.facebook.com/stirimd/, https://t.me/stirimd",,,
Ce substanță din jucării crește cu 300% riscul de deces prin cancer,2609,5 ore în urmă,https://stiri.md/article/social/ce-substanta-din-jucarii-creste-cu-300-riscul-de-deces-prin-cancer,"https://sales.simpals.com/ro/bannere-publicitare?utm_source=stiri&utm_medium=organic&utm_campaign=plasare_banner, https://play.google.com/store/apps/details?id=md.simpals.stiri, https://apps.apple.com/md/app/stiri-md-%C8%99tiri-din-moldova/id1491333889, https://www.facebook.com/stirimd/, https://t.me/stirimd",,,
Alertă cu bombă la o instituție de învățământ din Chișinău,1072,o oră în urmă,https://stiri.md/article/social/alerta-cu-bomba-la-o-institutie-de-invatamant-din-chisinau,"https://sales.simpals.com/ro/bannere-publicitare?utm_source=stiri&utm_medium=organic&utm_campaign=plasare_banner, https://play.google.com/store/apps/details?id=md.simpals.stiri, https://apps.apple.com/md/app/stiri-md-%C8%99tiri-din-moldova/id1491333889, https://www.facebook.com/stirimd/, https://t.me/stirimd",,,
"BNS: Prețurile medii de consum au crescut în septembrie cu 5,2%",206,o oră în urmă,https://stiri.md/article/economic/bns-preturile-medii-de-consum-au-crescut-in-septembrie-cu-5-2,"https://sales.simpals.com/ro/bannere-publicitare?utm_source=stiri&utm_medium=organic&utm_campaign=plasare_banner, https://play.google.com/store/apps/details?id=md.simpals.stiri, https://apps.apple.com/md/app/stiri-md-%C8%99tiri-din-moldova/id1491333889, https://www.facebook.com/stirimd/, https://t.me/stirimd",,,
Un bărbat din Zaim a revenit acasă și și-a pus pe roate o afacere,1343,o oră în urmă,https://stiri.md/article/social/un-barbat-din-zaim-a-revenit-acasa-si-si-a-pus-pe-roate-o-afacere,"https://sales.simpals.com/ro/bannere-publicitare?utm_source=stiri&utm_medium=organic&utm_campaign=plasare_banner, https://play.google.com/store/apps/details?id=md.simpals.stiri, https://apps.apple.com/md/app/stiri-md-%C8%99tiri-din-moldova/id1491333889, https://www.facebook.com/stirimd/, https://t.me/stirimd",,,
Partidul MAN informează cetățenii despre beneficiile aderării la UE,758,2 ore în urmă,https://stiri.md/article/politica/man-desfasoara-o-campanie-de-informare-a-cetatenilor-despre-beneficiile-aderarii-la-ue,"https://sales.simpals.com/ro/bannere-publicitare?utm_source=stiri&utm_medium=organic&utm_campaign=plasare_banner, https://play.google.com/store/apps/details?id=md.simpals.stiri, https://apps.apple.com/md/app/stiri-md-%C8%99tiri-din-moldova/id1491333889, https://www.facebook.com/stirimd/, https://t.me/stirimd",,,
Furie în Turcia după ce mai multe femei au fost ucise cu brutalitate,1793,2 ore în urmă,https://stiri.md/article/international/furie-in-turcia-dupa-ce-mai-multe-femei-au-fost-ucise-cu-brutalitate,"https://sales.simpals.com/ro/bannere-publicitare?utm_source=stiri&utm_medium=organic&utm_campaign=plasare_banner, https://play.google.com/store/apps/details?id=md.simpals.stiri, https://apps.apple.com/md/app/stiri-md-%C8%99tiri-din-moldova/id1491333889, https://www.facebook.com/stirimd/, https://t.me/stirimd",,,
De ce agricultorii nu folosesc hibrizi de porumb rezistenți la secetă,1243,2 ore în urmă,https://stiri.md/article/economic/de-ce-agricultorii-nu-renunta-la-porumb-si-nu-folosesc-hibrizi-rezistenti-la-seceta,"https://sales.simpals.com/ro/bannere-publicitare?utm_source=stiri&utm_medium=organic&utm_campaign=plasare_banner, https://play.google.com/store/apps/details?id=md.simpals.stiri, https://apps.apple.com/md/app/stiri-md-%C8%99tiri-din-moldova/id1491333889, https://www.facebook.com/stirimd/, https://t.me/stirimd",,,
"Chișinău, magnetul Moldovei: Generează 60% din PIB-ul național",379,2 ore în urmă,https://stiri.md/article/social/chisinau-magnetul-moldovei-genereaza-60-din-pib-ul-national,"https://sales.simpals.com/ro/bannere-publicitare?utm_source=stiri&utm_medium=organic&utm_campaign=plasare_banner, https://play.google.com/store/apps/details?id=md.simpals.stiri, https://apps.apple.com/md/app/stiri-md-%C8%99tiri-din-moldova/id1491333889, https://www.facebook.com/stirimd/, https://t.me/stirimd",,,
Câștigătoarea titlului Educatorul anului 2024 riscă să piardă distincția,1526,2 ore în urmă,https://stiri.md/article/social/castigatoarea-titlului-educatorul-anului-2024-risca-sa-piarda-distinctia,"https://sales.simpals.com/ro/bannere-publicitare?utm_source=stiri&utm_medium=organic&utm_campaign=plasare_banner, https://play.google.com/store/apps/details?id=md.simpals.stiri, https://apps.apple.com/md/app/stiri-md-%C8%99tiri-din-moldova/id1491333889, https://www.facebook.com/stirimd/, https://t.me/stirimd",,,
"Evaluarea candidaților pentru colegiile specializate ale CSM, finalizată",347,2 ore în urmă,https://stiri.md/article/social/evaluarea-candidatilor-pentru-colegiile-specializate-ale-csm-finalizata,"https://sales.simpals.com/ro/bannere-publicitare?utm_source=stiri&utm_medium=organic&utm_campaign=plasare_banner, https://play.google.com/store/apps/details?id=md.simpals.stiri, https://apps.apple.com/md/app/stiri-md-%C8%99tiri-din-moldova/id1491333889, https://www.facebook.com/stirimd/, https://t.me/stirimd",,,
A utilizat Sandu resurse administrative în campanie? CEC va investiga,1074,3 ore în urmă,https://stiri.md/article/politica/a-utilizat-sandu-resurse-administrative-in-campanie-cec-va-investiga,"https://sales.simpals.com/ro/bannere-publicitare?utm_source=stiri&utm_medium=organic&utm_campaign=plasare_banner, https://play.google.com/store/apps/details?id=md.simpals.stiri, https://apps.apple.com/md/app/stiri-md-%C8%99tiri-din-moldova/id1491333889, https://www.facebook.com/stirimd/, https://t.me/stirimd",,,
Suma uimitoare care se adună într-un an în faimoasa Fontana di Trevi,1555,2 ore în urmă,https://stiri.md/article/international/suma-uimitoare-care-se-aduna-intr-un-an-in-faimoasa-fontana-di-trevi,"https://sales.simpals.com/ro/bannere-publicitare?utm_source=stiri&utm_medium=organic&utm_campaign=plasare_banner, https://play.google.com/store/apps/details?id=md.simpals.stiri, https://apps.apple.com/md/app/stiri-md-%C8%99tiri-din-moldova/id1491333889, https://www.facebook.com/stirimd/, https://t.me/stirimd",,,
"SUA, noi sancţiuni contra Iranului: Răspuns la atacul asupra Israelului",641,2 ore în urmă,https://stiri.md/article/international/sua-noi-sanctiuni-contra-iranului-raspuns-la-atacul-asupra-israelului,"https://sales.simpals.com/ro/bannere-publicitare?utm_source=stiri&utm_medium=organic&utm_campaign=plasare_banner, https://play.google.com/store/apps/details?id=md.simpals.stiri, https://apps.apple.com/md/app/stiri-md-%C8%99tiri-din-moldova/id1491333889, https://www.facebook.com/stirimd/, https://t.me/stirimd",,,
Corșicova nu reușește să-și anuleze sancțiunile. Ce a decis instanța,1517,2 ore în urmă,https://stiri.md/article/social/arina-corsicova-nu-reuseste-sa-si-anuleze-sanctiunile-ce-a-decis-prima-instanta,"https://sales.simpals.com/ro/bannere-publicitare?utm_source=stiri&utm_medium=organic&utm_campaign=plasare_banner, https://play.google.com/store/apps/details?id=md.simpals.stiri, https://apps.apple.com/md/app/stiri-md-%C8%99tiri-din-moldova/id1491333889, https://www.facebook.com/stirimd/, https://t.me/stirimd",,,
"Singura filială a Universității de Stat din Moscova în Europa, închisă",1174,3 ore în urmă,https://stiri.md/article/international/singura-filiala-a-universitatii-de-stat-din-moscova-in-europa-inchisa,"https://sales.simpals.com/ro/bannere-publicitare?utm_source=stiri&utm_medium=organic&utm_campaign=plasare_banner, https://play.google.com/store/apps/details?id=md.simpals.stiri, https://apps.apple.com/md/app/stiri-md-%C8%99tiri-din-moldova/id1491333889, https://www.facebook.com/stirimd/, https://t.me/stirimd",,,
Coreea de Nord acuză că drone sud-coreene au împrăștiat pliante,476,3 ore în urmă,https://stiri.md/article/international/coreea-de-nord-acuza-ca-drone-sud-coreene-au-imprastiat-pliante-deasupra-phenianului,"https://sales.simpals.com/ro/bannere-publicitare?utm_source=stiri&utm_medium=organic&utm_campaign=plasare_banner, https://play.google.com/store/apps/details?id=md.simpals.stiri, https://apps.apple.com/md/app/stiri-md-%C8%99tiri-din-moldova/id1491333889, https://www.facebook.com/stirimd/, https://t.me/stirimd",,,
"Cererea de strămutare în unul dintre dosarele lui Stoianoglo, respinsă",1551,3 ore în urmă,https://stiri.md/article/social/csj-respinge-cererea-de-stramutare-in-unul-dintre-dosarele-lui-stoianoglo,"https://sales.simpals.com/ro/bannere-publicitare?utm_source=stiri&utm_medium=organic&utm_campaign=plasare_banner, https://play.google.com/store/apps/details?id=md.simpals.stiri, https://apps.apple.com/md/app/stiri-md-%C8%99tiri-din-moldova/id1491333889, https://www.facebook.com/stirimd/, https://t.me/stirimd",,,
"Dezbateri electorale: Blocul Împreună, PAS și MAN, pentru aderarea la UE",1165,3 ore în urmă,https://stiri.md/article/politica/dezbateri-electorale-blocul-impreuna-pas-si-man-pledeaza-pentru-aderarea-la-ue,"https://sales.simpals.com/ro/bannere-publicitare?utm_source=stiri&utm_medium=organic&utm_campaign=plasare_banner, https://play.google.com/store/apps/details?id=md.simpals.stiri, https://apps.apple.com/md/app/stiri-md-%C8%99tiri-din-moldova/id1491333889, https://www.facebook.com/stirimd/, https://t.me/stirimd",,,
"Concursul de desene Securitatea electrică în viziunea copiilor, lansat",368,3 ore în urmă,https://stiri.md/article/social/concursul-de-desene-securitatea-electrica-in-viziunea-copiilor-lansat,"https://sales.simpals.com/ro/bannere-publicitare?utm_source=stiri&utm_medium=organic&utm_campaign=plasare_banner, https://play.google.com/store/apps/details?id=md.simpals.stiri, https://apps.apple.com/md/app/stiri-md-%C8%99tiri-din-moldova/id1491333889, https://www.facebook.com/stirimd/, https://t.me/stirimd",,,
"Dosarul corupției de la Orhei: Trei inculpați, în arest la domiciliu",1292,3 ore în urmă,https://stiri.md/article/social/dosarul-coruptiei-de-la-orhei-trei-inculpati-in-arest-la-domiciliu,"https://sales.simpals.com/ro/bannere-publicitare?utm_source=stiri&utm_medium=organic&utm_campaign=plasare_banner, https://play.google.com/store/apps/details?id=md.simpals.stiri, https://apps.apple.com/md/app/stiri-md-%C8%99tiri-din-moldova/id1491333889, https://www.facebook.com/stirimd/, https://t.me/stirimd","Instanța de judecată s-a expus astăzi, 13 octombrie, asupră măsurii preventive în privința celor patru persoane, reținute vineri de CNA, la Orhei, într-un dosar de corupere pasivă și finanțare ilegală a unei formațiuni politice.",,
Iranul avertizeaza: Nu avem linii roşii în apărarea poporului nostru,690,2 ore în urmă,https://stiri.md/article/international/iranul-avertizeaza-nu-avem-linii-rosii-in-apararea-poporului-nostru,"https://sales.simpals.com/ro/bannere-publicitare?utm_source=stiri&utm_medium=organic&utm_campaign=plasare_banner, https://play.google.com/store/apps/details?id=md.simpals.stiri, https://apps.apple.com/md/app/stiri-md-%C8%99tiri-din-moldova/id1491333889, https://www.facebook.com/stirimd/, https://t.me/stirimd","Ministrul iranian de externe Abbas Araqchi a avertizat duminica aceasta că Teheranul nu are linii roşii"" atunci când vine vorba de apărarea poporului şi a intereselor sale"," într-un moment de tensiune maximă în Orientul Mijlociu şi în faţa eforturilor Republicii Islamice de a descuraja un război regional.""",
Kremlin: Putin e deschis pentru un dialog cu Scholz despre Ucraina,1276,2 ore în urmă,https://stiri.md/article/international/kremlinul-anunta-ca-putin-e-deschis-pentru-un-dialog-cu-scholz-despre-ucraina,"https://sales.simpals.com/ro/bannere-publicitare?utm_source=stiri&utm_medium=organic&utm_campaign=plasare_banner, https://play.google.com/store/apps/details?id=md.simpals.stiri, https://apps.apple.com/md/app/stiri-md-%C8%99tiri-din-moldova/id1491333889, https://www.facebook.com/stirimd/, https://t.me/stirimd","Preşedintele rus Vladimir Putin este deschis unui dialog cu cancelarul german Olaf Scholz, a declarat duminică purtătorul de cuvânt al Kremlinului, Dmitri Peskov.",,
La toate intrările către PMAN au fost amplasate panouri informative,1248,2 ore în urmă,https://stiri.md/article/social/la-toate-intrarile-catre-pman-au-fost-amplasate-panouri-informative,"https://sales.simpals.com/ro/bannere-publicitare?utm_source=stiri&utm_medium=organic&utm_campaign=plasare_banner, https://play.google.com/store/apps/details?id=md.simpals.stiri, https://apps.apple.com/md/app/stiri-md-%C8%99tiri-din-moldova/id1491333889, https://www.facebook.com/stirimd/, https://t.me/stirimd","Primăria Municipiului Chișinău informează că la toate intrările către Piața Marii Adunări Naționale (PMAN) au fost amplasate panouri informative pentru cetățeni, cu detalii despre locațiile importante ale sărbătorii Hramului orașului Chișinău, pentru zilele de 13-14 octombrie 2024.",,
"Rusia, acuzată că a executat nouă prizonieri ucraineni. ONU, sesizată",847,2 ore în urmă,https://stiri.md/article/international/rusia-acuzata-ca-a-executat-noua-prizonieri-ucraineni-onu-si-crucea-rosie-sesizate,"https://sales.simpals.com/ro/bannere-publicitare?utm_source=stiri&utm_medium=organic&utm_campaign=plasare_banner, https://play.google.com/store/apps/details?id=md.simpals.stiri, https://apps.apple.com/md/app/stiri-md-%C8%99tiri-din-moldova/id1491333889, https://www.facebook.com/stirimd/, https://t.me/stirimd","Ombudsmanul ucrainean Dmitri Lubineţ a sesizat duminică Comitetul Internaţional al Crucii Roşii (CICR) şi ONU cu privire la presupusa execuţie a nouă prizonieri de război ucraineni de către soldaţi ruşi în regiunea rusă Kursk, unde trupele ucrainene au intrat la începutul lunii august pentru a slăbi presiunea forţelor ruse pe frontul din Donbas, în estul Ucrainei.",,
Ce înseamnă răspunsul Da sau Nu la referendum? Osmochescu explică,1734,2 ore în urmă,https://stiri.md/article/politica/ce-inseamna-raspunsul-da-sau-nu-la-referendum-nicolae-osmochescu-explica,"https://sales.simpals.com/ro/bannere-publicitare?utm_source=stiri&utm_medium=organic&utm_campaign=plasare_banner, https://play.google.com/store/apps/details?id=md.simpals.stiri, https://apps.apple.com/md/app/stiri-md-%C8%99tiri-din-moldova/id1491333889, https://www.facebook.com/stirimd/, https://t.me/stirimd","Referendumul este singurul mod pentru cetățeni de a participa direct la treburile statului, iar referendumul republican constituțional este unul extrem de important. Astfel comentează doctorul în drept și fostul judecător al Curții Constituționale, Nicolae Osmochescu, care explică ce înseamnă un eventual răspuns „Da” sau „Nu” la singura întrebare din buletinul de vot.",,
Criza cadrelor didactice: În raionul Soroca 60 de profesori fac naveta,773,3 ore în urmă,https://stiri.md/article/social/criza-cadrelor-didactice-in-raionul-soroca-60-de-profesori-fac-naveta,"https://sales.simpals.com/ro/bannere-publicitare?utm_source=stiri&utm_medium=organic&utm_campaign=plasare_banner, https://play.google.com/store/apps/details?id=md.simpals.stiri, https://apps.apple.com/md/app/stiri-md-%C8%99tiri-din-moldova/id1491333889, https://www.facebook.com/stirimd/, https://t.me/stirimd","Profesia de pedagog s-a transformat într-o adevărată vocație pentru majoritatea dintre ei. Ne referim la profesorii care sunt nevoiți să facă naveta, parcurgând zeci de kilometri între localități pentru a ajunge la școală.",,
Sandu: Am avut o discuție importantă cu 140 de tineri despre politică,678,3 ore în urmă,https://stiri.md/article/politica/maia-sandu-am-avut-o-discutie-importanta-cu-140-de-tineri-despre-politica,"https://sales.simpals.com/ro/bannere-publicitare?utm_source=stiri&utm_medium=organic&utm_campaign=plasare_banner, https://play.google.com/store/apps/details?id=md.simpals.stiri, https://apps.apple.com/md/app/stiri-md-%C8%99tiri-din-moldova/id1491333889, https://www.facebook.com/stirimd/, https://t.me/stirimd","Președintele R. Moldova, Maia Sandu, a avut astăzi, 13 octombrie, o discuție cu circa 140 de tineri despre alegeri, politică și aderarea la UE.",,
"Drumul Dragonului, un nou traseu ecoturistic lansat la Orheiul Vechi",1369,3 ore în urmă,https://stiri.md/article/social/drumul-dragonului-un-nou-traseu-ecoturistic-lansat-la-orheiul-vechi,"https://sales.simpals.com/ro/bannere-publicitare?utm_source=stiri&utm_medium=organic&utm_campaign=plasare_banner, https://play.google.com/store/apps/details?id=md.simpals.stiri, https://apps.apple.com/md/app/stiri-md-%C8%99tiri-din-moldova/id1491333889, https://www.facebook.com/stirimd/, https://t.me/stirimd",Un nou traseu ecoturistic „Drumul Dragonului a fost lansat astăzi, 13 octombrie," în inima Rezervației Cultural-Naturale „Orheiul Vechi”."
Fără exit-poll la alegerile din 20 octombrie: Precizările CEC,2954,3 ore în urmă,https://stiri.md/article/social/fara-exit-poll-la-alegerile-din-20-octombrie-precizarile-cec,"https://sales.simpals.com/ro/bannere-publicitare?utm_source=stiri&utm_medium=organic&utm_campaign=plasare_banner, https://play.google.com/store/apps/details?id=md.simpals.stiri, https://apps.apple.com/md/app/stiri-md-%C8%99tiri-din-moldova/id1491333889, https://www.facebook.com/stirimd/, https://t.me/stirimd","Pe 20 octombrie, când în Republica Moldova au loc alegeri prezidențiale și referendumul republican pentru includerea vectorului european în Constituția țării, nu va fi organizat exit-poll – sondaj electoral efectuat imediat ce alegătorii ies din cabinele de vot."
Povestea unui meșter care a deschis o școală de olărit în Găgăuzia,592,3 ore în urmă,https://stiri.md/article/social/povestea-unui-mester-care-a-deschis-o-scoala-de-olarit-in-gagauzia,"https://sales.simpals.com/ro/bannere-publicitare?utm_source=stiri&utm_medium=organic&utm_campaign=plasare_banner, https://play.google.com/store/apps/details?id=md.simpals.stiri, https://apps.apple.com/md/app/stiri-md-%C8%99tiri-din-moldova/id1491333889, https://www.facebook.com/stirimd/, https://t.me/stirimd","Petru Capaclî, un meșter popular din Beșalma, Găgăuzia, a deschis în regiune o școală de olărit pentru toți doritorii. Cu ajutorul unui fond, acesta a reușit să achiziționeze și o imprimantă de laser 3D cu care creează diferite obiecte împreună cu zeci de copii."
"Banca Mondială: Cele mai sărace țări, în cea mai gravă criză din 2006",1113,3 ore în urmă,https://stiri.md/article/economic/banca-mondiala-cele-mai-sarace-tari-in-cea-mai-grava-criza-din-2006,"https://sales.simpals.com/ro/bannere-publicitare?utm_source=stiri&utm_medium=organic&utm_campaign=plasare_banner, https://play.google.com/store/apps/details?id=md.simpals.stiri, https://apps.apple.com/md/app/stiri-md-%C8%99tiri-din-moldova/id1491333889, https://www.facebook.com/stirimd/, https://t.me/stirimd","Cele mai sărace 26 de ţări din lume, în care trăiesc 40% dintre persoanele afectate cel mai mult de sărăcie, au datorii mai mari decât în orice alt an de după 2006."
Ceban și colegii săi au depus flori la monumentul lui Ștefan cel Mare,593,2 ore în urmă,https://stiri.md/article/social/ion-ceban-si-colegii-sai-au-depus-flori-la-monumentul-lui-stefan-cel-mare,"https://sales.simpals.com/ro/bannere-publicitare?utm_source=stiri&utm_medium=organic&utm_campaign=plasare_banner, https://play.google.com/store/apps/details?id=md.simpals.stiri, https://apps.apple.com/md/app/stiri-md-%C8%99tiri-din-moldova/id1491333889, https://www.facebook.com/stirimd/, https://t.me/stirimd","Astăzi, 14 octombrie, primarul general al Capitalei, Ion Ceban, împreună cu echipa Primăriei Chișinău, a depus flori la monumentul Domnitorului Ștefan cel Mare și Sfânt cu prilejul sărbătorii Acoperământul Maicii Domnului, zi în care celebrăm Hramul Orașului Chișinău."
Copii abuzați sexual în Moldova: Cele mai multe dintre victime sunt fete,670,3 ore în urmă,https://stiri.md/article/social/copii-abuzati-sexual-in-moldova-cele-mai-multe-dintre-victime-sunt-fete,"https://sales.simpals.com/ro/bannere-publicitare?utm_source=stiri&utm_medium=organic&utm_campaign=plasare_banner, https://play.google.com/store/apps/details?id=md.simpals.stiri, https://apps.apple.com/md/app/stiri-md-%C8%99tiri-din-moldova/id1491333889, https://www.facebook.com/stirimd/, https://t.me/stirimd","Majoritatea copiilor abuzați sexuali, potrivit unor date statistice, sunt fete. Iar infractorii sunt, în cele mai multe dintre cazuri, bărbați și fac parte din familiile victimelor. Tați, unchi, bunici, frați - ajung să comită infracțiuni greu de imaginat. Odată ce devin victimele abuzurilor sexuale, minorii dezvoltă traume fizice și psihologice, care sunt extrem de greu de vindecat. Mai mult, unii dintre ei pot să devină abuzatori de copii, la rândul lor."
CEC anunță câți moldoveni cu drept de vot au domiciliul în Transnistria,1125,3 ore în urmă,https://stiri.md/article/social/cec-anunta-cati-moldoveni-cu-drept-de-vot-au-domiciliul-in-transnistria,"https://sales.simpals.com/ro/bannere-publicitare?utm_source=stiri&utm_medium=organic&utm_campaign=plasare_banner, https://play.google.com/store/apps/details?id=md.simpals.stiri, https://apps.apple.com/md/app/stiri-md-%C8%99tiri-din-moldova/id1491333889, https://www.facebook.com/stirimd/, https://t.me/stirimd","Comisia Electorală Centrală (CEC) a confirmat, într-un răspuns pentru NewsMaker, că în Registrul de Stat al Alegătorilor sunt incluși 274.475 de cetățeni moldoveni cu drept de vot, având domiciliul înregistrat în stânga Nistrului."
"Alertă în România: Ouă și carne cu Salmonella, retrase din vânzare",567,4 ore în urmă,https://stiri.md/article/international/alerta-alimentara-in-romania-oua-si-carne-cu-salmonella-retrase-din-vanzare,"https://sales.simpals.com/ro/bannere-publicitare?utm_source=stiri&utm_medium=organic&utm_campaign=plasare_banner, https://play.google.com/store/apps/details?id=md.simpals.stiri, https://apps.apple.com/md/app/stiri-md-%C8%99tiri-din-moldova/id1491333889, https://www.facebook.com/stirimd/, https://t.me/stirimd","Peste 4.380 de ouă și câteva kilograme de carne au fost retrase de la comercializare, în Buzău, România, după ce s-a detectat Salmonella enteritidis. Inspectorii din cadrul Direcției Sanitar-Veterinare și pentru Siguranța Alimentelor Buzău au confiscat, pe parcursul lunii septembrie, în urma unor controale, 30 de kilograme de carne."
Drumeţia şi ciclismul – o noutate turistică în Inima Nistrului,532,4 ore în urmă,https://stiri.md/article/social/drumetia-si-ciclismul-o-noutate-turistica-in-inima-nistrului,"https://sales.simpals.com/ro/bannere-publicitare?utm_source=stiri&utm_medium=organic&utm_campaign=plasare_banner, https://play.google.com/store/apps/details?id=md.simpals.stiri, https://apps.apple.com/md/app/stiri-md-%C8%99tiri-din-moldova/id1491333889, https://www.facebook.com/stirimd/, https://t.me/stirimd","Un nou traseu de ciclism și drumeție - „Inima Nistrului"" - a fost lansat cu sprijinul Programului Naţiunilor Unite pentru Dezvoltare (PNUD) și al Guvernului Elveției, oferind cicliștilor și drumeților o experiență unică de 42 km de-a lungul râului Nistru."
Cum au adunat preoții din Moldova semnături pentru Victoria Furtună,2654,4 ore în urmă,https://stiri.md/article/politica/cum-au-adunat-preotii-din-moldova-semnaturi-pentru-victoria-furtuna,"https://sales.simpals.com/ro/bannere-publicitare?utm_source=stiri&utm_medium=organic&utm_campaign=plasare_banner, https://play.google.com/store/apps/details?id=md.simpals.stiri, https://apps.apple.com/md/app/stiri-md-%C8%99tiri-din-moldova/id1491333889, https://www.facebook.com/stirimd/, https://t.me/stirimd","Campania electorală pentru alegerile prezidențiale și referendum a determinat Kremlinul să își mobilizeze toate resursele din Republica Moldova. În lupta pentru fotoliul de șef al statului, dar și pentru compromiterea referendumului, au fost aruncate chiar și cele mai „sfinte” resurse - preoții, care au adunat semnături de la oameni din sate pentru candidata Victoria Furtună."
Ședința Guvernului din 16 octombrie. Subiectele de pe ordinea de zi,1043,2 ore în urmă,https://stiri.md/article/social/sedinta-guvernului-din-16-octombrie-subiectele-de-pe-ordinea-de-zi,"https://sales.simpals.com/ro/bannere-publicitare?utm_source=stiri&utm_medium=organic&utm_campaign=plasare_banner, https://play.google.com/store/apps/details?id=md.simpals.stiri, https://apps.apple.com/md/app/stiri-md-%C8%99tiri-din-moldova/id1491333889, https://www.facebook.com/stirimd/, https://t.me/stirimd","Cabinetul de miniștri se va întruni mâine, 16 octombrie, începând cu ora 10:00, într-o nouă ședință."
Expert: Programele electorale depășesc atribuțiile unui președinte,819,2 ore în urmă,https://stiri.md/article/social/expert-programele-electorale-depasesc-atributiile-unui-presedinte,"https://sales.simpals.com/ro/bannere-publicitare?utm_source=stiri&utm_medium=organic&utm_campaign=plasare_banner, https://play.google.com/store/apps/details?id=md.simpals.stiri, https://apps.apple.com/md/app/stiri-md-%C8%99tiri-din-moldova/id1491333889, https://www.facebook.com/stirimd/, https://t.me/stirimd","În pofida îmbunătățirii culturii electorale, programele candidaților nu includ mecanisme de implementare care să asigure realizarea promisiunilor sau prevăd acțiuni care nu sunt în atribuțiile unui președinte de stat, fapt ce va dezamăgi alegătorii."
"Oficial din Danemarca, la Chișinău: Împreună devenim mai puternici",232,2 ore în urmă,https://stiri.md/article/politica/oficial-din-danemarca-la-chisinau-impreuna-devenim-mai-puternici,"https://sales.simpals.com/ro/bannere-publicitare?utm_source=stiri&utm_medium=organic&utm_campaign=plasare_banner, https://play.google.com/store/apps/details?id=md.simpals.stiri, https://apps.apple.com/md/app/stiri-md-%C8%99tiri-din-moldova/id1491333889, https://www.facebook.com/stirimd/, https://t.me/stirimd","Miniștrii de externe ai țărilor nordice și baltice și-au declarat astăzi, 15 octombrie, la Chișinău, sprijinul pentru parcursul european al Republicii Moldova și pentru a se împărtăși cu experiențele lor în implementarea reformelor."
"Au crescut exporturile de cireşe, mere şi prune pe piaţa europeană",463,2 ore în urmă,https://stiri.md/article/economic/au-crescut-exporturile-de-cirese-mere-si-prune-pe-piata-europeana,"https://sales.simpals.com/ro/bannere-publicitare?utm_source=stiri&utm_medium=organic&utm_campaign=plasare_banner, https://play.google.com/store/apps/details?id=md.simpals.stiri, https://apps.apple.com/md/app/stiri-md-%C8%99tiri-din-moldova/id1491333889, https://www.facebook.com/stirimd/, https://t.me/stirimd","Exporturile de cireșe moldovenești pe piața Uniunii Europene (UE) au crescut, în anul 2024, cu 1.200% sau de 12 ori, arată datele Asociației „Moldova Fruct”."
Jurnal TV îi răspunde lui Veaceslav Platon: O campanie de denigrare,2318,2 ore în urmă,https://stiri.md/article/social/jurnal-tv-ii-raspunde-lui-veaceslav-platon-o-campanie-de-denigrare,"https://sales.simpals.com/ro/bannere-publicitare?utm_source=stiri&utm_medium=organic&utm_campaign=plasare_banner, https://play.google.com/store/apps/details?id=md.simpals.stiri, https://apps.apple.com/md/app/stiri-md-%C8%99tiri-din-moldova/id1491333889, https://www.facebook.com/stirimd/, https://t.me/stirimd","„Jurnal TV este un post de televiziune independent, dedicat informării corecte și obiective a cetățenilor. Întotdeauna am funcționat în conformitate cu principiile jurnalismului profesionist și cu respectarea strictă a normelor legale. Nu am primit niciodată finanțare sau sprijin de la persoane controversate sau implicate în activități ilicite.”"
Studiu: Provocările femeilor în export și soluții pentru a fi depășite,535,2 ore în urmă,https://stiri.md/article/economic/studiu-provocarile-femeilor-in-export-si-solutii-pentru-a-fi-depasite,"https://sales.simpals.com/ro/bannere-publicitare?utm_source=stiri&utm_medium=organic&utm_campaign=plasare_banner, https://play.google.com/store/apps/details?id=md.simpals.stiri, https://apps.apple.com/md/app/stiri-md-%C8%99tiri-din-moldova/id1491333889, https://www.facebook.com/stirimd/, https://t.me/stirimd","Astăzi, 15 octombrie 2024, de Ziua Internațională a Femeilor din Mediul Rural, UN Women a organizat evenimentul „Femeile în export: Căi de acces spre piața globală”. Evenimentul a constituit un dialog între reprezentante și reprezentanți ai instituțiilor de stat, organizațiilor internaționale și donatorilor, asociațiilor de business, femeilor antreprenoare."
Atenție: Numărul persoanelor intoxicate cu ciuperci este în creștere,375,2 ore în urmă,https://stiri.md/article/sport/atentie-numarul-persoanelor-intoxicate-cu-ciuperci-este-in-crestere,"https://sales.simpals.com/ro/bannere-publicitare?utm_source=stiri&utm_medium=organic&utm_campaign=plasare_banner, https://play.google.com/store/apps/details?id=md.simpals.stiri, https://apps.apple.com/md/app/stiri-md-%C8%99tiri-din-moldova/id1491333889, https://www.facebook.com/stirimd/, https://t.me/stirimd","Serviciul de Asistență Medicală Urgentă Prespitalicească CNAMUP a fost solicitat în perioada 7-13 octombrie pentru 14.199 de cetățeni, inclusiv pentru 2.078 de copii."
"Secretarul de stat al Ministerului Energiei, în vizită la Bruxelles",293,2 ore în urmă,https://stiri.md/article/social/secretarul-de-stat-al-ministerului-energiei-in-vizita-la-bruxelles,"https://sales.simpals.com/ro/bannere-publicitare?utm_source=stiri&utm_medium=organic&utm_campaign=plasare_banner, https://play.google.com/store/apps/details?id=md.simpals.stiri, https://apps.apple.com/md/app/stiri-md-%C8%99tiri-din-moldova/id1491333889, https://www.facebook.com/stirimd/, https://t.me/stirimd","Secretara de stat a Ministerului Energiei, Cristina Pereteatcu, a participat la reuniunea de screening bilateral pe tema „Criteriul economic, marcând o etapă importantă în parcursul țării către integrarea europeană”, care s-a desfășurat la Bruxelles și focusat pe discuții despre progresele Moldovei în sectorul economic și energetic, dar și în educație, dezvoltarea inovațiilor, infrastructurii și mediului de afaceri."
"Jador, mesaj pentru tineri de pe scena din PMAN: Citiți Biblia",1710,3 ore în urmă,https://stiri.md/article/social/jador-mesaj-pentru-tineri-de-pe-scena-din-pman-cititi-biblia,"https://sales.simpals.com/ro/bannere-publicitare?utm_source=stiri&utm_medium=organic&utm_campaign=plasare_banner, https://play.google.com/store/apps/details?id=md.simpals.stiri, https://apps.apple.com/md/app/stiri-md-%C8%99tiri-din-moldova/id1491333889, https://www.facebook.com/stirimd/, https://t.me/stirimd","Jador, unul dintre cei mai cunoscuți cântăreți de muzică de petrecere din România, care a urcat pe scena din Piața Marii Adunări Naționale cu ocazia Hramului orașului Chișinău, i-a îndemnat pe tinerii moldoveni să citească Biblia și să aibă încredere în Dumnezeu."
"Accident în Capitală: O femeie și o fetiță, transportate la spital",2315,2 ore în urmă,https://stiri.md/article/social/accident-in-capitala-o-femeie-si-o-fetita-transportate-la-spital,"https://sales.simpals.com/ro/bannere-publicitare?utm_source=stiri&utm_medium=organic&utm_campaign=plasare_banner, https://play.google.com/store/apps/details?id=md.simpals.stiri, https://apps.apple.com/md/app/stiri-md-%C8%99tiri-din-moldova/id1491333889, https://www.facebook.com/stirimd/, https://t.me/stirimd","Un accident rutier s-a produs astăzi, 16 octombrie, în sectorul Râșcani al Capitalei. O șoferiță și un copil de trei ani au fost preluați și transportați la spital."
"Alerte cu bombă la Judecătoria Chișinău, sediile Centru și Buiucani",590,3 ore în urmă,https://stiri.md/article/social/alerte-cu-bomba-la-judecatoria-chisinau-sediile-centru-si-buiucani,"https://sales.simpals.com/ro/bannere-publicitare?utm_source=stiri&utm_medium=organic&utm_campaign=plasare_banner, https://play.google.com/store/apps/details?id=md.simpals.stiri, https://apps.apple.com/md/app/stiri-md-%C8%99tiri-din-moldova/id1491333889, https://www.facebook.com/stirimd/, https://t.me/stirimd","Poliția a fost sesizată în după-amiaza zilei de azi, 16 octombrie, precum că în incinta Judecătoriei Chișinău, sediile Centru și Buiucani, sunt amplasate obiecte explozibile."
Oficial ucrainean: Moldova ar trebui să aibă grijă de propria securitate,2115,2 ore în urmă,https://stiri.md/article/politica/oficial-ucrainean-moldova-ar-trebui-sa-aiba-grija-de-propria-securitate,"https://sales.simpals.com/ro/bannere-publicitare?utm_source=stiri&utm_medium=organic&utm_campaign=plasare_banner, https://play.google.com/store/apps/details?id=md.simpals.stiri, https://apps.apple.com/md/app/stiri-md-%C8%99tiri-din-moldova/id1491333889, https://www.facebook.com/stirimd/, https://t.me/stirimd","Alexei Arestovici, fost consilier al şefului cabinetului preşedintelui Ucrainei, consideră că Moldova ar trebui să aibă grijă de propria securitate."
Vodă: Niciun primar nu se pronunță împotriva integrării europene,376,2 ore în urmă,https://stiri.md/article/social/daniel-voda-niciun-primar-din-moldova-nu-se-pronunta-impotriva-integrarii-europene,"https://sales.simpals.com/ro/bannere-publicitare?utm_source=stiri&utm_medium=organic&utm_campaign=plasare_banner, https://play.google.com/store/apps/details?id=md.simpals.stiri, https://apps.apple.com/md/app/stiri-md-%C8%99tiri-din-moldova/id1491333889, https://www.facebook.com/stirimd/, https://t.me/stirimd","Niciun primar din Republica Moldova nu se pronunță împotriva integrării europene, împotriva dezvoltării și modernizării propriilor localități. De această părere este Daniel Vodă, care a menționat efortul depus de fiecare oficial pentru a asculta nevoile oamenilor și a explica beneficiile aderării la UE."
Fragmente exclusive din cartea Patriot. Memorii de Aleksei Navalnîi,622,2 ore în urmă,https://stiri.md/article/international/fragmente-exclusive-din-cartea-patriot-memorii-de-aleksei-navalnii,"https://sales.simpals.com/ro/bannere-publicitare?utm_source=stiri&utm_medium=organic&utm_campaign=plasare_banner, https://play.google.com/store/apps/details?id=md.simpals.stiri, https://apps.apple.com/md/app/stiri-md-%C8%99tiri-din-moldova/id1491333889, https://www.facebook.com/stirimd/, https://t.me/stirimd","Libertatea publică, exclusiv în limba română, cinci fragmente din cartea „Patriot. Memorii” de Aleksei Navalnîi, între 14 și 18 octombrie, fiind singura publicație din România pe care editura Litera și deținătorul internațional al drepturilor volumului semnat de disidentul rus au ales-o pentru a prefața lansarea internațională de pe 22 octombrie."
"Implicarea minorilor în campania Maiei Sandu: Sesizarea PDCM, respinsă",863,2 ore în urmă,https://stiri.md/article/politica/implicarea-minorilor-in-campania-maiei-sandu-sesizarea-pdcm-respinsa,"https://sales.simpals.com/ro/bannere-publicitare?utm_source=stiri&utm_medium=organic&utm_campaign=plasare_banner, https://play.google.com/store/apps/details?id=md.simpals.stiri, https://apps.apple.com/md/app/stiri-md-%C8%99tiri-din-moldova/id1491333889, https://www.facebook.com/stirimd/, https://t.me/stirimd","Comisia Electorală Centrală (CEC) a respins, cu votul a șase membri, în ședința de miercuri, 16 octombrie, sesizarea candidatului la funcția de președinte Ion Chicu, care a solicitat sancționarea Maiei Sandu."
Ambasadorul UE: Rusia va continua să încerce să influențeze alegerile,302,3 ore în urmă,https://stiri.md/article/politica/ambasadorul-ue-rusia-va-continua-sa-incerce-sa-influenteze-alegerile,"https://sales.simpals.com/ro/bannere-publicitare?utm_source=stiri&utm_medium=organic&utm_campaign=plasare_banner, https://play.google.com/store/apps/details?id=md.simpals.stiri, https://apps.apple.com/md/app/stiri-md-%C8%99tiri-din-moldova/id1491333889, https://www.facebook.com/stirimd/, https://t.me/stirimd","Șeful Delegației Uniunii Europene la Chișinău, Jānis Mažeiks, avertizează că Rusia va continua să își intensifice eforturile de a influența politica și alegerile din Republica Moldova, atât în această săptămână, cât și în viitor."
Aplicații militare nocturne lângă Tiraspol: Reacția Chișinăului,1966,3 ore în urmă,https://stiri.md/article/social/aplicatii-militare-nocturne-langa-tiraspol-reactia-chisinaului,"https://sales.simpals.com/ro/bannere-publicitare?utm_source=stiri&utm_medium=organic&utm_campaign=plasare_banner, https://play.google.com/store/apps/details?id=md.simpals.stiri, https://apps.apple.com/md/app/stiri-md-%C8%99tiri-din-moldova/id1491333889, https://www.facebook.com/stirimd/, https://t.me/stirimd",Aplicațiile nocturne de pe poligonul militar de lângă Tiraspol nu sunt efectuate pentru prima dată și nu prezintă riscuri.
Moldova trece la ora de iarnă. Cum este afectat corpul uman,4065,3 ore în urmă,https://stiri.md/article/social/moldova-trece-la-ora-de-iarna-cum-este-afectat-corpul-uman,"https://sales.simpals.com/ro/bannere-publicitare?utm_source=stiri&utm_medium=organic&utm_campaign=plasare_banner, https://play.google.com/store/apps/details?id=md.simpals.stiri, https://apps.apple.com/md/app/stiri-md-%C8%99tiri-din-moldova/id1491333889, https://www.facebook.com/stirimd/, https://t.me/stirimd","R. Moldova va trece și în acest an la ora de iarnă. Trecerea se va face în noaptea de sâmbătă, 26 octombrie, spre duminică, 27 octombrie. Acele ceasornicului vor fi date în urmă cu o oră, astfel că ora 04:00 devine ora 03:00."
"Recean, adresare către cetățeni: Vot cu vot vom apăra viitorul țării",24,11 minute în urmă,https://stiri.md/article/politica/recean-adresare-catre-cetateni-vot-cu-vot-vom-apara-viitorul-tarii,"https://sales.simpals.com/ro/bannere-publicitare?utm_source=stiri&utm_medium=organic&utm_campaign=plasare_banner, https://play.google.com/store/apps/details?id=md.simpals.stiri, https://apps.apple.com/md/app/stiri-md-%C8%99tiri-din-moldova/id1491333889, https://www.facebook.com/stirimd/, https://t.me/stirimd","Prim-ministrul Dorin Recean a avut, în această seară, o adresare către moldoveni privind alegerile prezidențiale și referendumul constituțional republican din data de 20 octombrie."
Rusia: Duma de Stat interzice propaganda mișcării child-free,15,5 minute în urmă,https://stiri.md/article/international/rusia-duma-de-stat-interzice-propaganda-miscarii-child-free,"https://sales.simpals.com/ro/bannere-publicitare?utm_source=stiri&utm_medium=organic&utm_campaign=plasare_banner, https://play.google.com/store/apps/details?id=md.simpals.stiri, https://apps.apple.com/md/app/stiri-md-%C8%99tiri-din-moldova/id1491333889, https://www.facebook.com/stirimd/, https://t.me/stirimd","Duma de Stat rusească a aprobat, în primă lectură, un proiect de lege care interzice „propaganda mișcării fără copii” sau „child-free”. Anunțul a fost făcut de președintele Dumei, Veceslav Volodin. Potrivit inițiativei, cetățenii ruși care vor promova viața fără copii ar urma să fie amendați cu până la 400 de mii de ruble, iar companiile care vor face asta - cu până la 5 milioane de ruble."
Gestul la care a recurs un bărbat din Ucraina pentru a fugi din țară,262,20 minute în urmă,https://stiri.md/article/international/gestul-la-care-a-recurs-un-barbat-din-ucraina-pentru-a-fugi-din-tara,"https://sales.simpals.com/ro/bannere-publicitare?utm_source=stiri&utm_medium=organic&utm_campaign=plasare_banner, https://play.google.com/store/apps/details?id=md.simpals.stiri, https://apps.apple.com/md/app/stiri-md-%C8%99tiri-din-moldova/id1491333889, https://www.facebook.com/stirimd/, https://t.me/stirimd","Situația de pe frontul din Ucraina nu este una bună pentru armata lui Zelenski motiv pentru care tot mai mulți sodați dezertează și fug de pe front. Alții, proaspăt recrutați, nici măcar nu vor să ajungă acolo."
"Un bărbat, prins de inspectorii mediului în timp ce tăia copaci ilegal",170,30 minute în urmă,https://stiri.md/article/social/un-barbat-prins-de-inspectorii-mediului-in-timp-ce-taia-copaci-ilegal,"https://sales.simpals.com/ro/bannere-publicitare?utm_source=stiri&utm_medium=organic&utm_campaign=plasare_banner, https://play.google.com/store/apps/details?id=md.simpals.stiri, https://apps.apple.com/md/app/stiri-md-%C8%99tiri-din-moldova/id1491333889, https://www.facebook.com/stirimd/, https://t.me/stirimd",Un bărbat a fost depistat de inspectorii mediului și polițiștii din Sângerei în timp ce defrișa ilegal arbori în extravilanul localității Grigorăuca.
"Recean a vizitat podul de la Pelinia, deschis recent pentru circulație",83,20 minute în urmă,https://stiri.md/article/social/recean-a-vizitat-podul-de-la-pelinia-deschis-recent-pentru-circulatie,"https://sales.simpals.com/ro/bannere-publicitare?utm_source=stiri&utm_medium=organic&utm_campaign=plasare_banner, https://play.google.com/store/apps/details?id=md.simpals.stiri, https://apps.apple.com/md/app/stiri-md-%C8%99tiri-din-moldova/id1491333889, https://www.facebook.com/stirimd/, https://t.me/stirimd","Premierul Dorin Recean a efectuat astăzi, 17 octombrie, o vizită la podul de la intrarea în satul Pelinia, inaugurat la 27 septembrie. Acesta asigură accesul spre localitățile Pelinia, Drochia, Dondușeni și Soroca."
Franța a testat cu succes prima sa dronă kamikaze numită Colibri,148,35 minute în urmă,https://stiri.md/article/international/franta-a-testat-cu-succes-prima-sa-drona-kamikaze-numita-colibri,"https://sales.simpals.com/ro/bannere-publicitare?utm_source=stiri&utm_medium=organic&utm_campaign=plasare_banner, https://play.google.com/store/apps/details?id=md.simpals.stiri, https://apps.apple.com/md/app/stiri-md-%C8%99tiri-din-moldova/id1491333889, https://www.facebook.com/stirimd/, https://t.me/stirimd","În timp ce războiul din Ucraina a arătat că utilizarea dronelor este esenţială în conflictele moderne, ministrul Forţelor Armate, Sebastien Lecornu, a anunţat miercuri testarea cu succes a primei „muniţii franceze pilotate de la distanţă”."
Expert: Referendumul este o tehnologie pentru a mobiliza electoralul,89,40 minute în urmă,https://stiri.md/article/politica/expert-referendumul-este-o-tehnologie-pentru-a-mobiliza-electoralul,"https://sales.simpals.com/ro/bannere-publicitare?utm_source=stiri&utm_medium=organic&utm_campaign=plasare_banner, https://play.google.com/store/apps/details?id=md.simpals.stiri, https://apps.apple.com/md/app/stiri-md-%C8%99tiri-din-moldova/id1491333889, https://www.facebook.com/stirimd/, https://t.me/stirimd",Referendumul este o tehnologie inventată de autorităţi pentru a mobiliza electoratul.
Marina Tauber consideră că autoritățile îi pregătesc arestarea,507,50 minute în urmă,https://stiri.md/article/politica/marina-tauber-considera-ca-autoritatile-ii-pregatesc-arestarea,"https://sales.simpals.com/ro/bannere-publicitare?utm_source=stiri&utm_medium=organic&utm_campaign=plasare_banner, https://play.google.com/store/apps/details?id=md.simpals.stiri, https://apps.apple.com/md/app/stiri-md-%C8%99tiri-din-moldova/id1491333889, https://www.facebook.com/stirimd/, https://t.me/stirimd","Deputata Marina Tauber din fostul partid ”Şor"" (declarat neconstituţional) consideră că autorităţile moldoveneşti îi pregătesc arestarea prin publicarea unor ""videoclipuri înfricoşătoare"" în presa controlată, toate acestea cu câteva zile înainte de votul din 20 octombrie."
CSJ amână o ședință de judecată în dosarul ex-premierului Vlad Filat,168,50 minute în urmă,https://stiri.md/article/politica/csj-amana-o-sedinta-de-judecata-in-dosarul-ex-premierului-vlad-filat,"https://sales.simpals.com/ro/bannere-publicitare?utm_source=stiri&utm_medium=organic&utm_campaign=plasare_banner, https://play.google.com/store/apps/details?id=md.simpals.stiri, https://apps.apple.com/md/app/stiri-md-%C8%99tiri-din-moldova/id1491333889, https://www.facebook.com/stirimd/, https://t.me/stirimd","Este vorba despre o ședință în care urma să fie examinată o cerere de accelerare a revizuirii dosarului în privința lui Vlad Filat, în baza unei hotărâri definitive și executorie a CEDO."
Cui aparține și din ce bani e luat apartamentul Nataliei Morari,4017,3 ore în urmă,https://stiri.md/article/politica/investigatie-cui-apartine-si-din-ce-bani-e-luat-apartamentul-nataliei-morari,"https://sales.simpals.com/ro/bannere-publicitare?utm_source=stiri&utm_medium=organic&utm_campaign=plasare_banner, https://play.google.com/store/apps/details?id=md.simpals.stiri, https://apps.apple.com/md/app/stiri-md-%C8%99tiri-din-moldova/id1491333889, https://www.facebook.com/stirimd/, https://t.me/stirimd","În cadrul unei investigații, candidata la fotoliul de președinte Natalia Morari a fost întrebată de reporteri unde locuiește acum. Întrebarea a apărut după ce jurnalista a scris în declarația de avere că deține în uz un apartament de 176,7 metri pătrați, care îi aparține fiului ei."
Vești bune de la meteorologi: Pe timp de zi vremea treptat se va încălzi,853,3 ore în urmă,https://stiri.md/article/meteo/vesti-bune-de-la-meteorologi-pe-timp-de-zi-vremea-treptat-se-va-incalzi,"https://sales.simpals.com/ro/bannere-publicitare?utm_source=stiri&utm_medium=organic&utm_campaign=plasare_banner, https://play.google.com/store/apps/details?id=md.simpals.stiri, https://apps.apple.com/md/app/stiri-md-%C8%99tiri-din-moldova/id1491333889, https://www.facebook.com/stirimd/, https://t.me/stirimd","Serviciul Hidrometeorologic anunță că în acest weekend vremea se menține rece noaptea, în timp ce ziua treptat se va încălzi. Ploi nu se prevăd toată perioada."
Accident nocturn la Botanica: Un microbuz s-a izbit de un stâlp,891,o oră în urmă,https://stiri.md/article/social/accident-nocturn-la-botanica-un-microbuz-s-a-izbit-de-un-stalp,"https://sales.simpals.com/ro/bannere-publicitare?utm_source=stiri&utm_medium=organic&utm_campaign=plasare_banner, https://play.google.com/store/apps/details?id=md.simpals.stiri, https://apps.apple.com/md/app/stiri-md-%C8%99tiri-din-moldova/id1491333889, https://www.facebook.com/stirimd/, https://t.me/stirimd","Un accident rutier s-a produs în aceasta seară, 18 octombrie, pe strada Sarmizegetusa din sectorul Botanica al Capitalei. Imaginile video de la locul accidentului au fost publicate de internauți pe rețele."
Maia Sandu la Telenești: Om cu om se construiește un sat și o țară,498,o oră în urmă,https://stiri.md/article/politica/maia-sandu-la-telenesti-om-cu-om-se-construieste-un-sat-si-o-tara,"https://sales.simpals.com/ro/bannere-publicitare?utm_source=stiri&utm_medium=organic&utm_campaign=plasare_banner, https://play.google.com/store/apps/details?id=md.simpals.stiri, https://apps.apple.com/md/app/stiri-md-%C8%99tiri-din-moldova/id1491333889, https://www.facebook.com/stirimd/, https://t.me/stirimd","În ultima zi de campanie, înainte de votul de duminică, președintele R. Moldova, Maia Sandu, a întreprins o vizită în raionul Telenești. Șefa statului a fost însoțită de președintele Parlamentului Igor Grosu și prim-ministrul Dorin Recean."
"Jurnal TV, sancționat după ce nu a difuzat spot-ul Nataliei Morari",985,o oră în urmă,https://stiri.md/article/social/jurnal-tv-sanctionat-dupa-ce-nu-a-difuzat-spot-ul-electoral-al-nataliei-morari,"https://sales.simpals.com/ro/bannere-publicitare?utm_source=stiri&utm_medium=organic&utm_campaign=plasare_banner, https://play.google.com/store/apps/details?id=md.simpals.stiri, https://apps.apple.com/md/app/stiri-md-%C8%99tiri-din-moldova/id1491333889, https://www.facebook.com/stirimd/, https://t.me/stirimd","Consiliul Audiovizualului (CA) a sancționat Jurnal TV cu avertizare publică pentru încălcarea Codului serviciilor media audiovizuale, după ce nu a difuzat spot-ul electoral al Nataliei Morari, candidată la alegerile prezidențiale din 20 octombrie. Sancțiunea a fost aplicată în data de 18 octombrie."
Serverul de poștă electronică a Parlamentului a fost compromis,549,2 ore în urmă,https://stiri.md/article/social/serverul-de-posta-electronica-a-parlamentului-a-fost-compromis,"https://sales.simpals.com/ro/bannere-publicitare?utm_source=stiri&utm_medium=organic&utm_campaign=plasare_banner, https://play.google.com/store/apps/details?id=md.simpals.stiri, https://apps.apple.com/md/app/stiri-md-%C8%99tiri-din-moldova/id1491333889, https://www.facebook.com/stirimd/, https://t.me/stirimd","Parlamentul Republicii Moldova anunță că serverul de poștă electronică al instituției a fost compromis ieri, 17 octombrie."
"Studiu: 70% din secțiile de vot, inaccesibile persoanelor cu deficiențe",178,2 ore în urmă,https://stiri.md/article/social/studiu-70-din-sectiile-de-vot-inaccesibile-persoanelor-cu-deficiente,"https://sales.simpals.com/ro/bannere-publicitare?utm_source=stiri&utm_medium=organic&utm_campaign=plasare_banner, https://play.google.com/store/apps/details?id=md.simpals.stiri, https://apps.apple.com/md/app/stiri-md-%C8%99tiri-din-moldova/id1491333889, https://www.facebook.com/stirimd/, https://t.me/stirimd",Suntem în ajunul unor noi alegeri în Republica Moldova. Dar şi de această dată e o provocare pentru persoanele cu nevoi speciale să-şi exercite dreptul democratic.
MEC: Elevii vor susține evaluări tematice la română și matematică,827,2 ore în urmă,https://stiri.md/article/social/mec-elevii-din-gimnaziu-vor-sustine-evaluari-tematice-la-romana-si-matematica,"https://sales.simpals.com/ro/bannere-publicitare?utm_source=stiri&utm_medium=organic&utm_campaign=plasare_banner, https://play.google.com/store/apps/details?id=md.simpals.stiri, https://apps.apple.com/md/app/stiri-md-%C8%99tiri-din-moldova/id1491333889, https://www.facebook.com/stirimd/, https://t.me/stirimd","Ministerul Educației și Cercetării va organiza evaluări tematice la limba și literatura română și matematică pentru elevii de gimnaziu, a anunțat astăzi ministrul Dan Perciun."
Ministra germană de Externe: Viitorul R. Moldova este în inima Europei,374,2 ore în urmă,https://stiri.md/article/politica/ministra-germana-de-externe-viitorul-r-moldova-este-in-inima-europei,"https://sales.simpals.com/ro/bannere-publicitare?utm_source=stiri&utm_medium=organic&utm_campaign=plasare_banner, https://play.google.com/store/apps/details?id=md.simpals.stiri, https://apps.apple.com/md/app/stiri-md-%C8%99tiri-din-moldova/id1491333889, https://www.facebook.com/stirimd/, https://t.me/stirimd","Ministrul german de externe Annalena Baerbock a reafirmat vineri angajamentul Germaniei de a sprijini Republica Moldova în drumul său spre aderarea la Uniunea Europeană, în timp ce această ţară se pregăteşte pentru alegerile prezidenţiale şi referendumul privind UE de duminică."
Mesaje false despre alegeri și referendum: Atenționarea autorităților,3108,5 ore în urmă,https://stiri.md/article/social/mesaje-false-despre-alegeri-si-referendum-atentionarea-autoritatilor,"https://sales.simpals.com/ro/bannere-publicitare?utm_source=stiri&utm_medium=organic&utm_campaign=plasare_banner, https://play.google.com/store/apps/details?id=md.simpals.stiri, https://apps.apple.com/md/app/stiri-md-%C8%99tiri-din-moldova/id1491333889, https://www.facebook.com/stirimd/, https://t.me/stirimd","Serviciul Tehnologia Informației și Securitatea Cibernetică (STISC) avertizează cetățenii cu privire la o campanie de dezinformare în curs, distribuită prin intermediul platformelor de mesagerie instantanee, în special WhatsApp."
Barack Obama se pregătește să intre în campanie alături de Kamala Harris,924,2 ore în urmă,https://stiri.md/article/international/barack-si-michelle-obama-se-pregatesc-sa-intre-in-campanie-alaturi-de-kamala-harris,"https://sales.simpals.com/ro/bannere-publicitare?utm_source=stiri&utm_medium=organic&utm_campaign=plasare_banner, https://play.google.com/store/apps/details?id=md.simpals.stiri, https://apps.apple.com/md/app/stiri-md-%C8%99tiri-din-moldova/id1491333889, https://www.facebook.com/stirimd/, https://t.me/stirimd","Democrata Kamala Harris va face campanie pentru prima dată alături de Barack și Michelle Obama în cadrul unor evenimente separate săptămâna viitoare, în speranța de a aduce o anumită greutate politică în cursa finală către ziua alegerilor prezidențiale americane, din 5 noiembrie, după cum a declarat un oficial de campanie citat de Reuters."
Elveția neutră s-a alăturat Inițiativei Scutului Aerian European,954,3 ore în urmă,https://stiri.md/article/international/elvetia-neutra-s-a-alaturat-initiativei-scutului-aerian-european,"https://sales.simpals.com/ro/bannere-publicitare?utm_source=stiri&utm_medium=organic&utm_campaign=plasare_banner, https://play.google.com/store/apps/details?id=md.simpals.stiri, https://apps.apple.com/md/app/stiri-md-%C8%99tiri-din-moldova/id1491333889, https://www.facebook.com/stirimd/, https://t.me/stirimd","Elveția s-a alăturat Inițiativei Scutului Aerian European (ESSI), un proiect care își propune să construiască un sistem unificat de apărare aeriană și împotriva rachetelor în Europa, transmite Reuters."
"Wiz Khalifa, trimis în judecată la Constanța: A fumat marijuana pe scenă",1304,4 ore în urmă,https://stiri.md/article/international/wiz-khalifa-trimis-in-judecata-la-constanta-a-fumat-marijuana-pe-scena,"https://sales.simpals.com/ro/bannere-publicitare?utm_source=stiri&utm_medium=organic&utm_campaign=plasare_banner, https://play.google.com/store/apps/details?id=md.simpals.stiri, https://apps.apple.com/md/app/stiri-md-%C8%99tiri-din-moldova/id1491333889, https://www.facebook.com/stirimd/, https://t.me/stirimd","Rapperul Wiz Khalifa a fost trimis în judecată la Constanța, după ce a fumat marijuana, în această vară, pe scena festivalului „Beach, Please!” din Costinești. Procurorii DIICOT l-au trimis în judecată pentru consum ilicit de droguri. Decizia a fost făcută publică pe site-ul Ministerului Justiției din România."
Moldsilva planifică să pună în vânzare 240.000 de metri steri de lemne,809,5 ore în urmă,https://stiri.md/article/social/moldsilva-planifica-sa-puna-in-vanzare-circa-240-000-de-metri-steri-de-lemne,"https://sales.simpals.com/ro/bannere-publicitare?utm_source=stiri&utm_medium=organic&utm_campaign=plasare_banner, https://play.google.com/store/apps/details?id=md.simpals.stiri, https://apps.apple.com/md/app/stiri-md-%C8%99tiri-din-moldova/id1491333889, https://www.facebook.com/stirimd/, https://t.me/stirimd","Agenția de Stat „Moldsilva” planifică să pună în vânzare aproximativ 240 de mii de metri steri de masă lemnoasă. În acest an prețurile la lemnele de foc s-au majorat cu 10 la sută comparativ cu anul trecut, iar oamenii susțin că acestea sunt prea mari."
"Marfă nedeclarată, depistată la vama Sculeni: Unde era ascunsă",2124,5 ore în urmă,https://stiri.md/article/social/marfa-nedeclarata-depistata-la-vama-sculeni-unde-era-ascunsa,"https://sales.simpals.com/ro/bannere-publicitare?utm_source=stiri&utm_medium=organic&utm_campaign=plasare_banner, https://play.google.com/store/apps/details?id=md.simpals.stiri, https://apps.apple.com/md/app/stiri-md-%C8%99tiri-din-moldova/id1491333889, https://www.facebook.com/stirimd/, https://t.me/stirimd","Acumulatoare pentru instrumente electrice, care nu au fost declarate, au fost depistate  într-un mijloc de transport Mercedes. Incidentul a fost înregistrat la postul vamal Sculeni."
Șoferul care a luat pe capotă un polițist în Chișinău a fost arestat,6155,5 ore în urmă,https://stiri.md/article/social/soferul-care-a-luat-pe-capota-un-politist-in-chisinau-a-fost-arestat,"https://sales.simpals.com/ro/bannere-publicitare?utm_source=stiri&utm_medium=organic&utm_campaign=plasare_banner, https://play.google.com/store/apps/details?id=md.simpals.stiri, https://apps.apple.com/md/app/stiri-md-%C8%99tiri-din-moldova/id1491333889, https://www.facebook.com/stirimd/, https://t.me/stirimd","Șoferul unui BMW care a luat pe capotă un polițist, în apropiere de Academia de Studii Economice din Moldova (ASEM), a fost plasat în arest."
"PG: Circa 100 de victime ale traficului de ființe, identificate în 2024",1736,5 ore în urmă,https://stiri.md/article/social/pg-circa-100-de-victime-ale-traficului-de-fiinte-umane-identificate-in-2024,"https://sales.simpals.com/ro/bannere-publicitare?utm_source=stiri&utm_medium=organic&utm_campaign=plasare_banner, https://play.google.com/store/apps/details?id=md.simpals.stiri, https://apps.apple.com/md/app/stiri-md-%C8%99tiri-din-moldova/id1491333889, https://www.facebook.com/stirimd/, https://t.me/stirimd","În primele nouă luni ale anului curent, au fost identificate 97 de victime ale traficului de ființe umane și de copii. Dintre acestea, 81 sunt persoane adulte (17 femei/64 bărbați) și 16 copii (15 fete/1 băiat)."
Franța este deschisă invitării imediate a Ucrainei în NATO,1206,5 ore în urmă,https://stiri.md/article/international/franta-este-deschisa-invitarii-imediate-a-ucrainei-in-nato,"https://sales.simpals.com/ro/bannere-publicitare?utm_source=stiri&utm_medium=organic&utm_campaign=plasare_banner, https://play.google.com/store/apps/details?id=md.simpals.stiri, https://apps.apple.com/md/app/stiri-md-%C8%99tiri-din-moldova/id1491333889, https://www.facebook.com/stirimd/, https://t.me/stirimd","Ministrul de externe al Franței, Jean-Noel Barrot, a declarat sâmbătă la Kiev că Parisul este deschis ideii de a invita imediat Ucraina să adere la NATO, dar că discuțiile vor continua pe această temă cu aliații, informează Agerpres care citează Reuters."
Prezidențialele pot fi considerate valide: 33% din moldoveni au votat,7053,o oră în urmă,https://stiri.md/article/politica/prezidentialele-pot-fi-considerate-valide-33-din-moldoveni-au-votat,"https://sales.simpals.com/ro/bannere-publicitare?utm_source=stiri&utm_medium=organic&utm_campaign=plasare_banner, https://play.google.com/store/apps/details?id=md.simpals.stiri, https://apps.apple.com/md/app/stiri-md-%C8%99tiri-din-moldova/id1491333889, https://www.facebook.com/stirimd/, https://t.me/stirimd",Scrutinul prezidențial din R. Moldova poate fi considerat valid. Asta după ce la ora 14:30 a fost atinsă rata de participare de peste 33%.
Promo-LEX: Zeci de cazuri de încălcare a secretului votului,3669,o oră în urmă,https://stiri.md/article/social/promo-lex-zeci-de-cazuri-de-incalcare-a-secretului-votului,"https://sales.simpals.com/ro/bannere-publicitare?utm_source=stiri&utm_medium=organic&utm_campaign=plasare_banner, https://play.google.com/store/apps/details?id=md.simpals.stiri, https://apps.apple.com/md/app/stiri-md-%C8%99tiri-din-moldova/id1491333889, https://www.facebook.com/stirimd/, https://t.me/stirimd",Observatorii Promo-LEX au raportat în total 658 de semnalări de incidente. Cele mai multe dintre acestea au vizat încălcarea secretului votului.
La vot ca la sărbătoare: Satul unde secția de vot e decorată cu covoare,1854,o oră în urmă,https://stiri.md/article/social/la-vot-ca-la-sarbatoare-satul-unde-sectia-de-vot-e-decorata-cu-covoare,"https://sales.simpals.com/ro/bannere-publicitare?utm_source=stiri&utm_medium=organic&utm_campaign=plasare_banner, https://play.google.com/store/apps/details?id=md.simpals.stiri, https://apps.apple.com/md/app/stiri-md-%C8%99tiri-din-moldova/id1491333889, https://www.facebook.com/stirimd/, https://t.me/stirimd","La alegerile prezidențiale și referendum, în satul Slobozia-Dușca, raionul Criuleni, atmosfera electorală a fost transformată într-o adevărată sărbătoare."
"Un tânăr moldovean din Zurich, pentru prima dată la vot: Este important",1030,o oră în urmă,https://stiri.md/article/politica/un-tanar-moldovean-din-zurich-pentru-prima-data-la-vot-este-important,"https://sales.simpals.com/ro/bannere-publicitare?utm_source=stiri&utm_medium=organic&utm_campaign=plasare_banner, https://play.google.com/store/apps/details?id=md.simpals.stiri, https://apps.apple.com/md/app/stiri-md-%C8%99tiri-din-moldova/id1491333889, https://www.facebook.com/stirimd/, https://t.me/stirimd","David, un tânăr în vârstă de 18 ani, care deține dublă cetățenie, elvețiană și moldovenească, a mers la secția de votare din orașul Zurich, pentru a-și exercita dreptul la vot. Aceasta este pentru prima dată când David participă la un scrutin în calitate de cetățean al Republicii Moldova."
"Evghenia Guțul, la Etulia: Am votat pentru pace și înțelegere socială",1136,2 ore în urmă,https://stiri.md/article/politica/evghenia-gutul-la-etulia-am-votat-pentru-pace-si-intelegere-sociala,"https://sales.simpals.com/ro/bannere-publicitare?utm_source=stiri&utm_medium=organic&utm_campaign=plasare_banner, https://play.google.com/store/apps/details?id=md.simpals.stiri, https://apps.apple.com/md/app/stiri-md-%C8%99tiri-din-moldova/id1491333889, https://www.facebook.com/stirimd/, https://t.me/stirimd","Bașcanul Găgăuziei, Evghenia Guțul, și-a exprimat dreptul la vot, în cadrul alegerilor prezidențiale și al referendumului, care au loc astăzi."
Moldovenii de la Moscova au încins o horă lângă secția de votare,2950,2 ore în urmă,https://stiri.md/article/social/moldovenii-de-la-moscova-au-incins-o-hora-langa-sectia-de-votare,"https://sales.simpals.com/ro/bannere-publicitare?utm_source=stiri&utm_medium=organic&utm_campaign=plasare_banner, https://play.google.com/store/apps/details?id=md.simpals.stiri, https://apps.apple.com/md/app/stiri-md-%C8%99tiri-din-moldova/id1491333889, https://www.facebook.com/stirimd/, https://t.me/stirimd","Așteptând în rând pentru a-și exercita dreptul la vot, cetățenii moldoveni stabiliți în Federația Rusă au decis să danseze o horă chiar în mijlocul străzii."
"MAE: Diaspora, un exemplu de participare activă la vot pentru viitor",2585,2 ore în urmă,https://stiri.md/article/social/mae-diaspora-un-exemplu-de-participare-activa-la-vot-pentru-viitor,"https://sales.simpals.com/ro/bannere-publicitare?utm_source=stiri&utm_medium=organic&utm_campaign=plasare_banner, https://play.google.com/store/apps/details?id=md.simpals.stiri, https://apps.apple.com/md/app/stiri-md-%C8%99tiri-din-moldova/id1491333889, https://www.facebook.com/stirimd/, https://t.me/stirimd","Moldovenii din diasporă continuă să demonstreze un angajament remarcabil față de viitorul R. Moldova, arătând că distanțele mari sau timpul petrecut la cozi nu reprezintă un obstacol în calea dreptului lor de a vota."
Cum votează moldovenii din Padova: Avem rânduri formate de dimineață,1824,2 ore în urmă,https://stiri.md/article/politica/cum-voteaza-moldovenii-din-padova-avem-randuri-formate-de-dimineata,"https://sales.simpals.com/ro/bannere-publicitare?utm_source=stiri&utm_medium=organic&utm_campaign=plasare_banner, https://play.google.com/store/apps/details?id=md.simpals.stiri, https://apps.apple.com/md/app/stiri-md-%C8%99tiri-din-moldova/id1491333889, https://www.facebook.com/stirimd/, https://t.me/stirimd","Până la această oră, în orașul Padova din Italia au reușit să voteze peste 1.050 de moldoveni. Dintre aceștia, doar doi nu au luat buletinul pentru referendum. Declarațiile au fost făcute de președinta asociației de moldoveni din Padova, Lilia Tusa."
"Șalaru: La Chișinău e frig, dar în Siberia e și mai frig. Mergeți la vot",1747,2 ore în urmă,https://stiri.md/article/politica/salaru-la-chisinau-e-frig-dar-in-siberia-e-si-mai-frig-mergeti-la-vot,"https://sales.simpals.com/ro/bannere-publicitare?utm_source=stiri&utm_medium=organic&utm_campaign=plasare_banner, https://play.google.com/store/apps/details?id=md.simpals.stiri, https://apps.apple.com/md/app/stiri-md-%C8%99tiri-din-moldova/id1491333889, https://www.facebook.com/stirimd/, https://t.me/stirimd","Fostul ministru al Apărării al Republicii Moldova, Anatol Șalaru, a făcut un apel către moldoveni să participe la alegeri, subliniind importanța votului în contextul amenințărilor externe."
"1.143.000 de alegători au votat. Referendumul, la un pas de a fi validat",18712,2 ore în urmă,https://stiri.md/article/social/1-143-000-de-alegatori-au-votat-referendumul-la-un-pas-de-a-fi-validat,"https://sales.simpals.com/ro/bannere-publicitare?utm_source=stiri&utm_medium=organic&utm_campaign=plasare_banner, https://play.google.com/store/apps/details?id=md.simpals.stiri, https://apps.apple.com/md/app/stiri-md-%C8%99tiri-din-moldova/id1491333889, https://www.facebook.com/stirimd/, https://t.me/stirimd","Până la ora 16:00 au votat circa 1.143.000 de alegători, ceea ce reprezintă 39% din numărul total de votanți, informează președinta Comisiei Electorale Centrale, Angelica Caraman. Potrivit ei, de către IGP au fost înregistrate circa 74 de încălcări, printre care fotografierea buletinelor de vot, transportarea organizată a alegătorilor, dar și posibile acțiuni de corupere a cetățenilor."
"IGP: 75 cazuri de încălcări, înregistrate la secțiile de votare din țară",2305,2 ore în urmă,https://stiri.md/article/politica/igp-75-cazuri-de-incalcari-inregistrate-la-sectiile-de-votare-din-tara,"https://sales.simpals.com/ro/bannere-publicitare?utm_source=stiri&utm_medium=organic&utm_campaign=plasare_banner, https://play.google.com/store/apps/details?id=md.simpals.stiri, https://apps.apple.com/md/app/stiri-md-%C8%99tiri-din-moldova/id1491333889, https://www.facebook.com/stirimd/, https://t.me/stirimd","Inspectoratul General al Poliției Republicii Moldova prezintă informații înregistrate cu incidență electorală până la ora 15:30, 20 octombrie."
"Tinerii, despre prima experiență de vot: Am simțit că vocea mea contează",1006,2 ore în urmă,https://stiri.md/article/social/tinerii-despre-prima-experienta-de-vot-am-simtit-ca-vocea-mea-conteaza,"https://sales.simpals.com/ro/bannere-publicitare?utm_source=stiri&utm_medium=organic&utm_campaign=plasare_banner, https://play.google.com/store/apps/details?id=md.simpals.stiri, https://apps.apple.com/md/app/stiri-md-%C8%99tiri-din-moldova/id1491333889, https://www.facebook.com/stirimd/, https://t.me/stirimd","Prezidențiale 2020 – a fost pentru prima dată când am votat. Eram la Iași și îmi amintesc că am stat vreo trei ore într-un rând kilometric, pe ploaie și frig. Și totuși, așteptam să votez. Era o premieră pentru mine, îmi doream să îmi îndeplinesc responsabilitatea de cetățeană și voiam o schimbare."
O moldoveancă a parcurs 2.000 de kilometri pentru a vota prima dată,2408,2 ore în urmă,https://stiri.md/article/social/o-moldoveanca-a-parcurs-2-000-de-kilometri-pentru-a-vota-prima-data,"https://sales.simpals.com/ro/bannere-publicitare?utm_source=stiri&utm_medium=organic&utm_campaign=plasare_banner, https://play.google.com/store/apps/details?id=md.simpals.stiri, https://apps.apple.com/md/app/stiri-md-%C8%99tiri-din-moldova/id1491333889, https://www.facebook.com/stirimd/, https://t.me/stirimd",O tânără de 18 ani din Republica Moldova a parcurs 2.000 de kilometri pentru a vota la referendum și prezidențiale. Valeria Mihalachi a povestit despre aventura sa pe rețelele de socializare.
Alegeri 2024: În China și Japonia s-a încheiat procesul de vot,1575,2 ore în urmă,https://stiri.md/article/politica/alegeri-2024-in-china-si-japonia-s-a-incheiat-procesul-de-vot,"https://sales.simpals.com/ro/bannere-publicitare?utm_source=stiri&utm_medium=organic&utm_campaign=plasare_banner, https://play.google.com/store/apps/details?id=md.simpals.stiri, https://apps.apple.com/md/app/stiri-md-%C8%99tiri-din-moldova/id1491333889, https://www.facebook.com/stirimd/, https://t.me/stirimd","În Japonia s-a încheiat deja procesul de votare. La ora 16:00 a Republicii Moldova, și în China s-a încheiat procesul de vot. Anunțul a fost făcut de Comisia Electorală Centrală (CEC)."
"Doi tineri, primii alegători la secția de votare din Washington DC",711,2 ore în urmă,https://stiri.md/article/social/doi-tineri-primii-alegatori-la-sectia-de-votare-din-washington-dc,"https://sales.simpals.com/ro/bannere-publicitare?utm_source=stiri&utm_medium=organic&utm_campaign=plasare_banner, https://play.google.com/store/apps/details?id=md.simpals.stiri, https://apps.apple.com/md/app/stiri-md-%C8%99tiri-din-moldova/id1491333889, https://www.facebook.com/stirimd/, https://t.me/stirimd","Nichita Jalba și Dorina Midrigan sunt primii alegători la secția de votare nr. 210, deschisă în orașul Washington DC."
Moldovenii aflați la Galați au ales viitorul: Speră să fie mai bine,672,2 ore în urmă,https://stiri.md/article/social/moldovenii-aflati-la-galati-au-ales-viitorul-spera-sa-fie-mai-bine,"https://sales.simpals.com/ro/bannere-publicitare?utm_source=stiri&utm_medium=organic&utm_campaign=plasare_banner, https://play.google.com/store/apps/details?id=md.simpals.stiri, https://apps.apple.com/md/app/stiri-md-%C8%99tiri-din-moldova/id1491333889, https://www.facebook.com/stirimd/, https://t.me/stirimd","Și basarabenii stabiliți la Galați au mers la secțiile de votare, pentru a-și exprima opțiunea la prezidențiale și referendum. Cetățenii Republicii Moldova au relatat jurnaliștilor că speră un viitor mai bun."
"Zece mii de moldoveni, așteptați să-și exprime votul la Iași",800,2 ore în urmă,https://stiri.md/article/social/zece-mii-de-moldoveni-asteptati-sa-si-exprime-votul-la-iasi,"https://sales.simpals.com/ro/bannere-publicitare?utm_source=stiri&utm_medium=organic&utm_campaign=plasare_banner, https://play.google.com/store/apps/details?id=md.simpals.stiri, https://apps.apple.com/md/app/stiri-md-%C8%99tiri-din-moldova/id1491333889, https://www.facebook.com/stirimd/, https://t.me/stirimd","Aproximativ zece mii de cetățeni ai Republicii Moldova sunt așteptați să își exprime votul la cele două secții de votare deschise în Iași pentru alegerile prezidențiale și referendumul constituțional. De la primele ore ale dimineții, alegătorii s-au mobilizat pentru a decide viitorul țării."
Alegeri 2024: Moldovenii din Irlanda s-au prins într-o horă,1604,2 ore în urmă,https://stiri.md/article/social/alegeri-2024-moldovenii-din-irlanda-s-au-prins-intr-o-hora,"https://sales.simpals.com/ro/bannere-publicitare?utm_source=stiri&utm_medium=organic&utm_campaign=plasare_banner, https://play.google.com/store/apps/details?id=md.simpals.stiri, https://apps.apple.com/md/app/stiri-md-%C8%99tiri-din-moldova/id1491333889, https://www.facebook.com/stirimd/, https://t.me/stirimd","Cu muzică și voie bună, așa și-au exprimat dreptul la vot moldovenii din orașul Cork, Irlanda. Potrivit Ambasadei Republicii Moldova din Irlanda, în acest oraș secția de votare a fost deschisă în incinta primăriei, acolo unde conaționalii noștri au încins o horă."
"Toate procesele-verbale, procesate: Sandu și Stoianoglo, în turul II",46471,o oră în urmă,https://stiri.md/article/politica/toate-procesele-verbale-procesate-sandu-si-stoianoglo-in-turul-ii,"https://sales.simpals.com/ro/bannere-publicitare?utm_source=stiri&utm_medium=organic&utm_campaign=plasare_banner, https://play.google.com/store/apps/details?id=md.simpals.stiri, https://apps.apple.com/md/app/stiri-md-%C8%99tiri-din-moldova/id1491333889, https://www.facebook.com/stirimd/, https://t.me/stirimd",Maia Sandu și Alexandr Stoianoglo se vor duela în turul II al alegerilor prezidențiale. Cel puțin așa arată datele cu numărul de voturi înregistrate după ce toate procesele-verbale au fost procesate.
Rezultate preliminare: Referendumul a trecut. Ce urmează,44194,o oră în urmă,https://stiri.md/article/politica/rezultate-preliminare-referendumul-a-trecut-ce-urmeaza,"https://sales.simpals.com/ro/bannere-publicitare?utm_source=stiri&utm_medium=organic&utm_campaign=plasare_banner, https://play.google.com/store/apps/details?id=md.simpals.stiri, https://apps.apple.com/md/app/stiri-md-%C8%99tiri-din-moldova/id1491333889, https://www.facebook.com/stirimd/, https://t.me/stirimd","Comisia Electorală Centrală (CEC) prezintă astăzi, 21 octombrie, rezultatele preliminare oficiale cu privire la referendumul republican constituțional."
Eșecuri de securitate ar fi dus la tentativa de asasinare a lui Trump,843,2 ore în urmă,https://stiri.md/article/international/esecuri-de-securitate-ar-fi-dus-la-tentativa-de-asasinare-a-lui-trump,"https://sales.simpals.com/ro/bannere-publicitare?utm_source=stiri&utm_medium=organic&utm_campaign=plasare_banner, https://play.google.com/store/apps/details?id=md.simpals.stiri, https://apps.apple.com/md/app/stiri-md-%C8%99tiri-din-moldova/id1491333889, https://www.facebook.com/stirimd/, https://t.me/stirimd","Tentativă de asasinare a fostului președinte Donald Trump la un miting din Pennsylvania în luna iulie „putea fi prevenită și nu ar fi trebuit să aibă loc”, potrivit unui grup bipartizan din Camera Reprezentanților care investighează împușcăturile și ceea ce acesta numește „eșecurile uimitoare de securitate” de la eveniment."
Expert: Reformele și transformările fac integrarea în UE ireversibilă,1298,2 ore în urmă,https://stiri.md/article/politica/expert-reformele-si-transformarile-fac-integrarea-in-ue-ireversibila,"https://sales.simpals.com/ro/bannere-publicitare?utm_source=stiri&utm_medium=organic&utm_campaign=plasare_banner, https://play.google.com/store/apps/details?id=md.simpals.stiri, https://apps.apple.com/md/app/stiri-md-%C8%99tiri-din-moldova/id1491333889, https://www.facebook.com/stirimd/, https://t.me/stirimd","Alexei Tulbure, director al Institutului de Istorie Orală, consideră că ""reformele, transformările şi îmbunătăţirea nivelului de trai al oamenilor fac ireversibilă integrarea europeană a ţării, iar modificările în Constituţie nu fac acest proces ireversibil""."
Coreea de Sud cere retragerea trupelor nord-coreene trimise în Rusia,1960,2 ore în urmă,https://stiri.md/article/international/coreea-de-sud-cere-retragerea-trupelor-nord-coreene-trimise-in-rusia,"https://sales.simpals.com/ro/bannere-publicitare?utm_source=stiri&utm_medium=organic&utm_campaign=plasare_banner, https://play.google.com/store/apps/details?id=md.simpals.stiri, https://apps.apple.com/md/app/stiri-md-%C8%99tiri-din-moldova/id1491333889, https://www.facebook.com/stirimd/, https://t.me/stirimd","Coreea de Sud l-a convocat luni pe ambasadorul Rusiei la Seul pentru a cere retragerea „imediată” a trupelor trimise, potrivit Seulului, de Phenian pentru a sprijini Moscova în războiul său împotriva Ucrainei."
"Un an de la carnagiul de la Bahmut: Învinuitul, delegat în Procuratură",1994,2 ore în urmă,https://stiri.md/article/social/un-an-de-la-carnagiul-de-la-bahmut-invinuitul-delegat-in-procuratura,"https://sales.simpals.com/ro/bannere-publicitare?utm_source=stiri&utm_medium=organic&utm_campaign=plasare_banner, https://play.google.com/store/apps/details?id=md.simpals.stiri, https://apps.apple.com/md/app/stiri-md-%C8%99tiri-din-moldova/id1491333889, https://www.facebook.com/stirimd/, https://t.me/stirimd","Ieri, 20 octombrie, s-a împlinit un an de la tragedia de la Bahmut, acolo unde, în urma unui accident teribil, au murit patru persoane, toate membri ai aceleiași familii, inclusiv un copil."
Chișinău: 110 grădinițe din 130 au fost conectate la agentul termic,344,2 ore în urmă,https://stiri.md/article/social/chisinau-110-gradinite-din-130-au-fost-conectate-la-agentul-termic,"https://sales.simpals.com/ro/bannere-publicitare?utm_source=stiri&utm_medium=organic&utm_campaign=plasare_banner, https://play.google.com/store/apps/details?id=md.simpals.stiri, https://apps.apple.com/md/app/stiri-md-%C8%99tiri-din-moldova/id1491333889, https://www.facebook.com/stirimd/, https://t.me/stirimd","La Chișinău sunt conectate la agentul termic 133 de grădinițe, nouă școli și licee și 11 instituții medicale. Cifrele au fost prezentate de șeful Direcției Generale Locativ-Comunală și Amenajare, Ion Budriumov, în cadrul ședinței operative a serviciilor municipale de astăzi, 21 octombrie."
Criză globală în Europa: Starea de sănătate a apelor nu este bună,395,2 ore în urmă,https://stiri.md/article/international/criza-globala-in-europa-starea-de-sanatate-a-apelor-nu-este-buna,"https://sales.simpals.com/ro/bannere-publicitare?utm_source=stiri&utm_medium=organic&utm_campaign=plasare_banner, https://play.google.com/store/apps/details?id=md.simpals.stiri, https://apps.apple.com/md/app/stiri-md-%C8%99tiri-din-moldova/id1491333889, https://www.facebook.com/stirimd/, https://t.me/stirimd","O criză globală a apei ar putea afecta jumătate din producția globală de alimente în următorii 25 de ani, avertizează un raport realizat de The European Correspondent."
"Expert, despre referendum: Modificările în Constituție vor fi operate",4970,2 ore în urmă,https://stiri.md/article/politica/expert-despre-referendum-modificarile-in-constitutie-vor-fi-operate,"https://sales.simpals.com/ro/bannere-publicitare?utm_source=stiri&utm_medium=organic&utm_campaign=plasare_banner, https://play.google.com/store/apps/details?id=md.simpals.stiri, https://apps.apple.com/md/app/stiri-md-%C8%99tiri-din-moldova/id1491333889, https://www.facebook.com/stirimd/, https://t.me/stirimd","„Rezultatele referendumului confirmă clar că modificările în Constituție vor fi operate”. Asta a declarat pentru Agora expertul constituțional Alexandru Tănase. Totuși, acesta spune că se aștepta la mai multe voturi „DA” și că „victoria la limită a fost surprinzătoare”."
